-- V1__seed_data.sql
-- Flyway가 JPA보다 먼저 실행되므로, 시드 데이터가 들어갈 테이블은 여기서 생성한다.
-- JPA ddl-auto: update 시에도 CREATE TABLE IF NOT EXISTS로 충돌 없음.

-- synonyms
CREATE TABLE IF NOT EXISTS synonyms (
    id BIGINT AUTO_INCREMENT PRIMARY KEY,
    term VARCHAR(100) NOT NULL,
    synonym VARCHAR(100) NOT NULL,
    weight DOUBLE NOT NULL DEFAULT 1.0,
    created_at TIMESTAMP DEFAULT CURRENT_TIMESTAMP,
    INDEX idx_synonyms_term (term),
    UNIQUE KEY uk_term_synonym (term, synonym)
) ENGINE=InnoDB DEFAULT CHARSET=utf8mb4 COLLATE=utf8mb4_unicode_ci;

-- categories
CREATE TABLE IF NOT EXISTS categories (
    id BIGINT AUTO_INCREMENT PRIMARY KEY,
    name VARCHAR(255) NOT NULL UNIQUE,
    parent_id BIGINT
) ENGINE=InnoDB DEFAULT CHARSET=utf8mb4 COLLATE=utf8mb4_unicode_ci;

-- category_keywords
CREATE TABLE IF NOT EXISTS category_keywords (
    id BIGINT AUTO_INCREMENT PRIMARY KEY,
    category_name VARCHAR(255) NOT NULL,
    keyword VARCHAR(100) NOT NULL,
    weight DOUBLE NOT NULL DEFAULT 1.0,
    INDEX idx_keyword (keyword),
    INDEX idx_category_name (category_name)
) ENGINE=InnoDB DEFAULT CHARSET=utf8mb4 COLLATE=utf8mb4_unicode_ci;

-- ── 시드 데이터 ──────────────────────────────────────────

-- 동의어 초기 데이터
INSERT INTO synonyms (term, synonym, weight) VALUES
    ('AI', '인공지능', 1.0),
    ('인공지능', 'AI', 1.0),
    ('ML', '머신러닝', 1.0),
    ('머신러닝', 'ML', 1.0),
    ('머신러닝', '기계학습', 0.8),
    ('기계학습', '머신러닝', 0.8),
    ('DB', '데이터베이스', 1.0),
    ('데이터베이스', 'DB', 1.0),
    ('OS', '운영체제', 1.0),
    ('운영체제', 'OS', 1.0),
    ('CPU', '중앙처리장치', 0.8),
    ('GPU', '그래픽처리장치', 0.8),
    ('RAM', '메모리', 0.7),
    ('IoT', '사물인터넷', 1.0),
    ('사물인터넷', 'IoT', 1.0),
    ('API', '응용프로그래밍인터페이스', 0.6),
    ('VR', '가상현실', 1.0),
    ('가상현실', 'VR', 1.0),
    ('AR', '증강현실', 1.0),
    ('증강현실', 'AR', 1.0),
    ('UI', '사용자인터페이스', 0.8),
    ('UX', '사용자경험', 0.8),
    ('OOP', '객체지향프로그래밍', 0.8),
    ('DL', '딥러닝', 1.0),
    ('딥러닝', 'DL', 1.0),
    ('딥러닝', '심층학습', 0.8),
    ('NLP', '자연어처리', 1.0),
    ('자연어처리', 'NLP', 1.0),
    ('USA', '미국', 1.0),
    ('미국', 'United States', 0.9),
    ('UK', '영국', 1.0),
    ('영국', 'United Kingdom', 0.9);

-- 주제별 카테고리 28개
INSERT IGNORE INTO categories (name, parent_id) VALUES
    ('컴퓨터 과학', NULL),
    ('수학', NULL),
    ('물리학', NULL),
    ('화학', NULL),
    ('생물학', NULL),
    ('의학/건강', NULL),
    ('공학', NULL),
    ('역사', NULL),
    ('지리/장소', NULL),
    ('정치', NULL),
    ('경제/경영', NULL),
    ('법학', NULL),
    ('교육', NULL),
    ('철학', NULL),
    ('종교', NULL),
    ('언어/문학', NULL),
    ('음악', NULL),
    ('영화/TV/방송', NULL),
    ('미술/디자인', NULL),
    ('스포츠', NULL),
    ('게임', NULL),
    ('애니/만화', NULL),
    ('군사', NULL),
    ('교통', NULL),
    ('음식/요리', NULL),
    ('인물', NULL),
    ('사건/사고', NULL),
    ('기타', NULL),
    ('뉴스', NULL),
    ('웹 콘텐츠', NULL);

-- 카테고리별 대표 키워드 (한국어 + 영어)
INSERT INTO category_keywords (category_name, keyword, weight) VALUES
    ('컴퓨터 과학', '프로그래밍', 1.0), ('컴퓨터 과학', '알고리즘', 1.0),
    ('컴퓨터 과학', '소프트웨어', 1.0), ('컴퓨터 과학', '컴퓨터', 0.7),
    ('컴퓨터 과학', '데이터베이스', 1.0), ('컴퓨터 과학', '운영체제', 1.0),
    ('컴퓨터 과학', '인공지능', 1.0), ('컴퓨터 과학', '머신러닝', 1.0),
    ('컴퓨터 과학', 'programming', 1.0), ('컴퓨터 과학', 'algorithm', 1.0),
    ('컴퓨터 과학', 'software', 1.0), ('컴퓨터 과학', 'computer science', 1.0),
    ('수학', '수학', 1.0), ('수학', '미적분', 1.0), ('수학', '확률', 1.0),
    ('수학', '통계', 0.8), ('수학', '기하학', 1.0), ('수학', '대수학', 1.0),
    ('수학', 'mathematics', 1.0), ('수학', 'calculus', 1.0), ('수학', 'theorem', 1.0),
    ('물리학', '물리학', 1.0), ('물리학', '양자', 1.0), ('물리학', '상대성', 1.0),
    ('물리학', '열역학', 1.0), ('물리학', '전자기', 1.0),
    ('물리학', 'physics', 1.0), ('물리학', 'quantum', 1.0), ('물리학', 'relativity', 1.0),
    ('화학', '화학', 1.0), ('화학', '원소', 1.0), ('화학', '분자', 1.0),
    ('화학', '유기화학', 1.0), ('화학', '화합물', 1.0),
    ('화학', 'chemistry', 1.0), ('화학', 'element', 0.8), ('화학', 'molecule', 1.0),
    ('생물학', '생물', 1.0), ('생물학', '세포', 1.0), ('생물학', '유전', 1.0),
    ('생물학', '진화', 1.0), ('생물학', 'DNA', 1.0), ('생물학', '생태계', 1.0),
    ('생물학', 'biology', 1.0), ('생물학', 'species', 0.8), ('생물학', 'evolution', 1.0),
    ('의학/건강', '질병', 1.0), ('의학/건강', '의학', 1.0), ('의학/건강', '약물', 1.0),
    ('의학/건강', '수술', 1.0), ('의학/건강', '증후군', 1.0), ('의학/건강', '치료', 0.8),
    ('의학/건강', 'disease', 1.0), ('의학/건강', 'medicine', 1.0), ('의학/건강', 'syndrome', 1.0),
    ('공학', '공학', 1.0), ('공학', '전기', 0.7), ('공학', '기계', 0.7),
    ('공학', '건축', 1.0), ('공학', '토목', 1.0),
    ('공학', 'engineering', 1.0), ('공학', 'mechanical', 0.8),
    ('역사', '역사', 1.0), ('역사', '왕조', 1.0), ('역사', '전쟁', 0.8),
    ('역사', '조선', 0.8), ('역사', '고려', 0.8), ('역사', '삼국', 0.7),
    ('역사', 'history', 1.0), ('역사', 'dynasty', 1.0), ('역사', 'empire', 0.8),
    ('지리/장소', '도시', 0.7), ('지리/장소', '국가', 0.7), ('지리/장소', '대륙', 1.0),
    ('지리/장소', '산맥', 1.0), ('지리/장소', '강', 0.5), ('지리/장소', '섬', 0.5),
    ('지리/장소', 'geography', 1.0), ('지리/장소', 'city', 0.5), ('지리/장소', 'country', 0.5),
    ('정치', '정치', 1.0), ('정치', '선거', 1.0), ('정치', '정당', 1.0),
    ('정치', '민주주의', 1.0), ('정치', '대통령', 0.8),
    ('정치', 'politics', 1.0), ('정치', 'election', 1.0), ('정치', 'democracy', 1.0),
    ('경제/경영', '경제', 1.0), ('경제/경영', '주식', 1.0), ('경제/경영', '기업', 0.7),
    ('경제/경영', '무역', 1.0), ('경제/경영', '금융', 1.0),
    ('경제/경영', 'economy', 1.0), ('경제/경영', 'finance', 1.0), ('경제/경영', 'stock', 0.8),
    ('법학', '법률', 1.0), ('법학', '헌법', 1.0), ('법학', '형법', 1.0),
    ('법학', '재판', 1.0), ('법학', '법원', 1.0),
    ('법학', 'law', 1.0), ('법학', 'court', 0.8), ('법학', 'constitution', 1.0),
    ('교육', '대학교', 1.0), ('교육', '학교', 0.8), ('교육', '교육', 1.0),
    ('교육', '입시', 1.0), ('교육', '학과', 0.7),
    ('교육', 'university', 1.0), ('교육', 'education', 1.0), ('교육', 'school', 0.7),
    ('철학', '철학', 1.0), ('철학', '윤리', 1.0), ('철학', '논리', 0.8),
    ('철학', '존재론', 1.0), ('철학', '인식론', 1.0),
    ('철학', 'philosophy', 1.0), ('철학', 'ethics', 1.0),
    ('종교', '종교', 1.0), ('종교', '기독교', 1.0), ('종교', '불교', 1.0),
    ('종교', '이슬람', 1.0), ('종교', '교회', 0.8), ('종교', '성경', 1.0),
    ('종교', 'religion', 1.0), ('종교', 'church', 0.8), ('종교', 'bible', 1.0),
    ('언어/문학', '언어', 1.0), ('언어/문학', '소설', 1.0), ('언어/문학', '시', 0.5),
    ('언어/문학', '문학', 1.0), ('언어/문학', '작가', 0.8),
    ('언어/문학', 'language', 1.0), ('언어/문학', 'novel', 1.0), ('언어/문학', 'literature', 1.0),
    ('음악', '음악', 1.0), ('음악', '가수', 1.0), ('음악', '앨범', 1.0),
    ('음악', '밴드', 0.8), ('음악', '작곡', 1.0), ('음악', '악기', 1.0),
    ('음악', 'music', 1.0), ('음악', 'album', 1.0), ('음악', 'singer', 1.0),
    ('영화/TV/방송', '영화', 1.0), ('영화/TV/방송', '드라마', 1.0),
    ('영화/TV/방송', '방송', 1.0), ('영화/TV/방송', '감독', 0.8),
    ('영화/TV/방송', '배우', 0.8), ('영화/TV/방송', '예능', 1.0),
    ('영화/TV/방송', 'film', 1.0), ('영화/TV/방송', 'movie', 1.0), ('영화/TV/방송', 'television', 1.0),
    ('미술/디자인', '미술', 1.0), ('미술/디자인', '회화', 1.0), ('미술/디자인', '조각', 1.0),
    ('미술/디자인', '디자인', 1.0), ('미술/디자인', '건축양식', 1.0),
    ('미술/디자인', 'art', 0.7), ('미술/디자인', 'painting', 1.0), ('미술/디자인', 'design', 0.8),
    ('스포츠', '축구', 1.0), ('스포츠', '야구', 1.0), ('스포츠', '농구', 1.0),
    ('스포츠', '올림픽', 1.0), ('스포츠', '선수', 0.7), ('스포츠', '리그', 0.8),
    ('스포츠', 'football', 1.0), ('스포츠', 'baseball', 1.0), ('스포츠', 'soccer', 1.0),
    ('스포츠', 'olympic', 1.0),
    ('게임', '게임', 1.0), ('게임', '닌텐도', 1.0), ('게임', '플레이스테이션', 1.0),
    ('게임', '리그오브레전드', 1.0), ('게임', 'RPG', 0.8),
    ('게임', 'game', 0.8), ('게임', 'Nintendo', 1.0), ('게임', 'PlayStation', 1.0),
    ('애니/만화', '애니메이션', 1.0), ('애니/만화', '만화', 1.0), ('애니/만화', '웹툰', 1.0),
    ('애니/만화', '라이트노벨', 1.0), ('애니/만화', '성우', 1.0),
    ('애니/만화', 'anime', 1.0), ('애니/만화', 'manga', 1.0),
    ('군사', '군대', 1.0), ('군사', '무기', 1.0), ('군사', '전투', 1.0),
    ('군사', '해군', 1.0), ('군사', '공군', 1.0), ('군사', '육군', 1.0),
    ('군사', 'military', 1.0), ('군사', 'weapon', 1.0), ('군사', 'army', 1.0),
    ('교통', '철도', 1.0), ('교통', '항공', 1.0), ('교통', '도로', 0.7),
    ('교통', '지하철', 1.0), ('교통', '공항', 1.0), ('교통', '역', 0.5),
    ('교통', 'railway', 1.0), ('교통', 'airport', 1.0), ('교통', 'transportation', 1.0),
    ('음식/요리', '요리', 1.0), ('음식/요리', '음식', 1.0), ('음식/요리', '레시피', 1.0),
    ('음식/요리', '식재료', 1.0), ('음식/요리', '한식', 1.0),
    ('음식/요리', 'food', 1.0), ('음식/요리', 'cuisine', 1.0), ('음식/요리', 'recipe', 1.0),
    ('인물', '정치인', 0.8), ('인물', '과학자', 0.8), ('인물', '작가', 0.7),
    ('인물', '배우', 0.7), ('인물', '가수', 0.7),
    ('인물', 'politician', 0.8), ('인물', 'scientist', 0.8),
    ('사건/사고', '사건', 1.0), ('사건/사고', '사고', 1.0), ('사건/사고', '재난', 1.0),
    ('사건/사고', '테러', 1.0), ('사건/사고', '참사', 1.0),
    ('사건/사고', 'disaster', 1.0), ('사건/사고', 'accident', 1.0), ('사건/사고', 'incident', 1.0),

    -- 나무위키/한국어위키 태그 매칭 보강 (기타 비율 감소)
    ('인물', '독립운동가', 1.0), ('인물', '출생', 0.8), ('인물', '사망', 0.8),
    ('인물', '출신 인물', 0.8), ('인물', '출신', 0.7), ('인물', '인물', 1.0),
    ('역사', '독립운동', 0.8), ('역사', '의병', 1.0), ('역사', '일제', 0.8),
    ('역사', '건국훈장', 1.0), ('역사', '연도', 0.8),
    ('교통', '철도역', 1.0), ('교통', '버스', 0.8), ('교통', '노선', 0.7),
    ('교통', '고속도로', 1.0), ('교통', '국도', 0.8),
    ('지리/장소', '특별시', 0.8), ('지리/장소', '광역시', 0.8),
    ('지리/장소', '시', 0.5), ('지리/장소', '군', 0.5), ('지리/장소', '구', 0.5),
    ('지리/장소', '동', 0.4), ('지리/장소', '면', 0.4), ('지리/장소', '읍', 0.4),
    ('지리/장소', '일본', 0.5), ('지리/장소', '미국', 0.5), ('지리/장소', '중국', 0.5),
    ('지리/장소', '한국', 0.5), ('지리/장소', '대한민국', 0.5),
    ('스포츠', '수록곡', 0.0), ('스포츠', '투수', 1.0), ('스포츠', '내야수', 1.0),
    ('스포츠', '외야수', 1.0), ('스포츠', '포수', 1.0), ('스포츠', '피겨', 1.0),
    ('스포츠', '격투기', 1.0), ('스포츠', '체조', 1.0), ('스포츠', '수영', 1.0),
    ('음악', '수록곡', 1.0), ('음악', '음반', 1.0), ('음악', '싱글', 0.8),
    ('음악', '아이돌', 1.0), ('음악', '래퍼', 0.8), ('음악', '가요', 1.0),
    ('게임', '캐릭터', 0.5), ('게임', '수록곡', 0.0),
    ('애니/만화', '일본 애니', 1.0), ('애니/만화', '일본 만화', 1.0),
    ('애니/만화', '캐릭터', 0.5),
    ('경제/경영', '회사', 0.7), ('경제/경영', '브랜드', 0.7),

    -- 영어 위키백과 태그 매칭 보강
    ('인물', 'living people', 1.0), ('인물', 'deaths', 0.8), ('인물', 'births', 0.8),
    ('인물', 'people from', 0.7), ('인물', 'alumni', 0.7),
    ('음악', 'grammy', 1.0), ('음악', 'musicians', 0.8), ('음악', 'singers', 0.8),
    ('음악', 'composers', 0.8), ('음악', 'bands', 0.8), ('음악', 'discography', 1.0),
    ('영화/TV/방송', 'films', 1.0), ('영화/TV/방송', 'actors', 0.8),
    ('영화/TV/방송', 'actresses', 0.8), ('영화/TV/방송', 'tv series', 1.0),
    ('스포츠', 'players', 0.7), ('스포츠', 'athletes', 0.8),
    ('스포츠', 'medalists', 1.0), ('스포츠', 'clubs', 0.7), ('스포츠', 'league', 0.8),
    ('정치', 'presidents', 0.8), ('정치', 'politicians', 0.8), ('정치', 'governors', 0.8),
    ('교육', 'universities', 1.0), ('교육', 'colleges', 0.8), ('교육', 'schools', 0.7),
    ('지리/장소', 'cities', 0.7), ('지리/장소', 'counties', 0.7), ('지리/장소', 'villages', 0.7),
    ('지리/장소', 'rivers', 0.8), ('지리/장소', 'mountains', 0.8), ('지리/장소', 'islands', 0.8),
    ('역사', 'wars', 0.8), ('역사', 'battles', 0.8), ('역사', 'ancient', 0.8),
    ('역사', 'medieval', 0.8), ('역사', 'century', 0.5),
    ('컴퓨터 과학', 'computing', 1.0), ('컴퓨터 과학', 'programming language', 1.0),
    ('컴퓨터 과학', 'internet', 0.8), ('컴퓨터 과학', 'web', 0.7),
    ('생물학', 'species', 0.8), ('생물학', 'genus', 1.0), ('생물학', 'mammals', 1.0),
    ('생물학', 'birds', 0.8), ('생물학', 'insects', 0.8), ('생물학', 'plants', 0.8),
    ('의학/건강', 'diseases', 1.0), ('의학/건강', 'symptoms', 1.0), ('의학/건강', 'drugs', 0.8),
    ('군사', 'military units', 1.0), ('군사', 'warships', 1.0), ('군사', 'aircraft', 0.8),
    ('교통', 'railway stations', 1.0), ('교통', 'airports', 1.0), ('교통', 'highways', 0.8),
    ('게임', 'video games', 1.0), ('게임', 'esports', 1.0),
    ('애니/만화', 'anime series', 1.0), ('애니/만화', 'manga series', 1.0),
    ('종교', 'churches', 0.8), ('종교', 'saints', 0.8), ('종교', 'bishops', 0.8),
    ('경제/경영', 'companies', 0.8), ('경제/경영', 'banks', 0.8), ('경제/경영', 'stock exchanges', 1.0),
    ('법학', 'supreme court', 1.0), ('법학', 'legislation', 1.0), ('법학', 'treaties', 0.8),
    ('음식/요리', 'foods', 1.0), ('음식/요리', 'dishes', 1.0), ('음식/요리', 'beverages', 0.8);
